idx,account_name,amount
1,db2ss2rm5sr1,2000
2,gyztgnjwgqge,2000
3,superjeonguk,2000
4,g43dmmrqhage,2000
5,gu3dgmjxhege,2000
6,tongyitongyi,2000
7,g43dmnzsgmge,2000
8,gy4tanrzgyge,2000
9,g44tsnzygege,2000
10,gu2dsojtgege,2000
11,redsung12345,2000
12,heytenrrgage,2000
13,gu3dinrqgmge,2000
14,redsungeosio,2000
15,fuckeveryday,2000
16,gu4dkojwgige,2000
17,yetanotherme,2000
18,gi3tanzwgqge,2000
19,gq3tmmrygyge,2000
20,ha4deobvgege,2000
21,redsungeos12,2000
22,redsungseoul,2000
23,leedongwegel,2000
24,redsunglease,2000
25,haydanzrgyge,2000
26,redsungenock,2000
27,gm2dinzwgage,2000
28,gu4dcnrzgege,2000
29,theeosledger,2000
30,giydinrshege,2000
31,gameguardian,2000
32,gu4tenbqgige,2000
33,gizdqobrgqge,2000
34,gy4tsnjtgage,2000
35,gi2tgmjrgege,2000
36,webdealsback,2000
37,ge3dgojvhege,2000
38,gq3demzqgmge,2000
39,qhemfkvkcjs1,2000
40,gyztambzhage,2000
41,heytknjvguge,2000
42,gm3tgmrwg4ge,2000
43,guztoobrhage,2000
44,gu3tombshage,2000
45,g42dgmzxgage,2000
46,gu3tqobxgqge,2000
47,g44tqnzzguge,2000
48,the13thalien,2000
49,g44tamzugyge,2000
50,ha4dkobuguge,2000
51,redsungtoken,2000
52,gu2dcnbvhege,2000
53,gqydeobrgyge,2000
54,conceptskip1,2000
55,gmzdamrugyge,2000
56,gu2tknbzgmge,2000
57,hazdmnjvg4ge,2000
58,beawakeosdac,2000
59,gu4danbtgmge,2000
60,gu3denbqhege,2000
61,godwith11111,2000
62,gu3dsnbwhage,2000
63,gi4tcmrvgene,2000
64,gq4tqmrshege,2000
65,g44dqmbygmge,2000
66,gu3dqnzyguge,2000
67,gy2dimrvgyge,2000
68,gu2teobugyge,2000
69,cooperdance1,2000
70,gu2dsnjwgage,2000
71,g44temjzhage,2000
72,ha2tmobxgqge,2000
73,thedeveloper,2000
74,ha2tamjzgage,2000
75,g44tcojzhege,2000
76,depurant1111,2000
77,gmztsobtguge,2000
78,gq3tinbzg4ge,2000
79,koreaeosking,2000
80,gu3dqnzugyge,2000
81,gyztanjxhage,2000
82,gu4tiobshage,2000
83,soeunminaeko,2000
84,minaesoeunko,2000
85,haytqobuhage,2000
86,traveltofree,2000
87,eosknightno1,2000
88,cryptomoneta,2000
89,eosknightno2,2000
90,eosknightno3,2000
91,g44dcnzygige,2000
92,gu3tenbrg4ge,2000
93,g4zdgojrgqge,2000
94,g43temrug4ge,2000
95,ha4tqobygqge,2000
96,haydqmbygmge,2000
97,haytomzrhage,2000
98,gu3dimbygyge,2000
99,gy4dmmzrguge,2000
100,ngnggndgee12,2000
101,guztqmzuguge,2000
102,eosbankseoul,2000
103,eocurrencyio,2000
104,1gtkaeosdac1,2000
105,gu3dcnztguge,2000
106,onemorescoop,2000
107,guztemjxhage,2000
108,1234superman,2000
109,g44dmmrvgmge,2000
110,psseospsseos,2000
111,gu2dcmbthege,2000
112,newt2222xxxx,2000
113,haydgnrwgege,2000
114,honghong1111,2000
115,josephlee242,2000
116,g43tqnrqgige,2000
117,g44tgnrrhage,2000
118,g44tgmbxgige,2000
119,g42tcnjuhege,2000
120,shinbarameos,2000
121,gu3tqnbsgqge,2000
122,gu3tknrsgmge,2000
123,gyztenrvgyge,2000
124,korpoliceeos,2000
125,gu2tgmztgmge,2000
126,gu3dembtgage,2000
127,gyztonbqg4ge,2000
128,leckoaccount,2000
129,heytknrzhege,2000
130,eosxiuchoi22,2000
131,helloeos2525,2000
132,guzdgmrwgyge,2000
133,ha4tenbrgqge,2000
134,gq2tcnzsguge,2000
135,goodluck1224,2000
136,g44tgnzshage,2000
137,gu3doojqgmge,2000
138,helloworld42,2000
139,gyztkmjtg4ge,2000
140,eos114wallet,2000
141,hezdamjsgene,2000
142,eosforthetop,2000
143,g4ydmojzgege,2000
144,universalist,2000
145,hazdgmbwhege,2000
146,g43tqmrygmge,2000
147,qkrtkdrnjs52,2000
148,eosisjustice,2000
149,cacaopower51,2000
150,zombieskarak,2000
151,happygiraffe,2000
152,dragonticket,2000
153,guztembvgmge,2000
154,gu2tmmjwgmge,2000
155,gi4tenjsguge,2000
156,rogerscrypto,2000
157,blksheepwall,2000
158,toponetest22,2000
159,haydmnzzgege,2000
160,eosdacishope,2000
161,geytemjvgyge,2000
162,gu2tgmzuguge,2000
163,acaciaeosac2,2000
164,gu3tmmjugmge,2000
165,hazdcobzhege,2000
166,qwerttrewq12,2000
167,gu2dkmbwhage,2000
168,g44dqnztgige,2000
169,gu3dmmbugage,2000
170,gu3temzqgage,2000
171,ssibalmonkey,2000
172,wngksaud1113,2000
173,ilovejaneyoo,2000
174,korea1stbank,2000
175,koreaoo1bank,2000
176,koreatopbabk,2000
177,koreatopbank,2000
178,bidotal12345,2000
179,g4ztcnbshege,2000
180,supercoinman,2000
181,geytgmjxgage,2000
182,g43tsmjshage,2000
183,hjeosaccount,2000
184,gu3dsnbwgige,2000
185,gu3tenbugage,2000
186,gu2dimrvgage,2000
187,1mukgeosdac1,2000
188,haztaojwgqge,2000
189,guzdcnzvgqge,2000
190,iloveyoojane,2000
191,gu2teobtgege,2000
192,guzdimzrgige,2000
193,eosfilmmaker,2000
194,ha4tqnrxguge,2000
195,gu3dknbxhage,2000
196,dfkoxcnmer45,2000
197,hazdmojxgige,2000
198,gu4dombugmge,2000
199,philosupeos1,2000
200,eoskyeongbin,2000
201,eosbineosbin,2000
202,g44tqnzwgyge,2000
203,haytimjrgyge,2000
204,gm2dimzvg4ge,2000
205,eosdackorean,2000
206,gm4tkojxgene,2000
207,12znakowlipa,2000
208,haydenztguge,2000
209,gy2tcnjzguge,2000
210,gu2timjqguge,2000
211,gu4tkmrygqge,2000
212,kilimanleo55,2000
213,ha2dgnjqhege,2000
214,eos4yusulism,2000
215,goforeosgame,2000
216,g42dqmzsgege,2000
217,kohpapaedwin,2000
218,ha2tambygage,2000
219,bigmikeeosio,2000
220,g43tqmzxgage,2000
221,sandwigoleos,2000
222,gu3tanjugege,2000
223,ha3timbsgyge,2000
224,guztsobrguge,2000
225,eoswhenmoons,2000
226,gu4taobwhege,2000
227,gyytiojthege,2000
228,gu2tqmzrgage,2000
229,gu2dsmjzg4ge,2000
230,haytmmrugyge,2000
231,gu4dcnrsgige,2000
232,giytmmzxgqge,2000
233,g44tmmjvg4ge,2000
234,vatecheegrad,2000
235,guzdsojygqge,2000
236,g4zdgmjthage,2000
237,geytimjsgege,2000
238,ilovelgtwins,2000
239,kakaofriends,2000
240,iloveyoutube,2000
241,hokiepridenc,2000
242,biomaterials,2000
243,goldmonetary,2000
244,gu4taojwgage,2000
245,eugenewallet,2000
246,madforblocks,2000
247,cryptohunter,2000
248,southkoreaio,2000
249,kimkimkimkim,2000
250,ha4tgmbugige,2000
251,eoswalletsio,2000
252,walletkoreos,2000
253,itsmyaccount,2000
254,polarischain,2000
255,g44denjrgige,2000
256,beforesunset,2000
257,eosrulesdawn,2000
258,chestnuttree,2000
259,vatechalumni,2000
260,g44dqnzygmge,2000
261,kingofcrypto,2000
262,gu2daojvguge,2000
263,vatechbseenc,2000
264,g44dgnzxgege,2000
265,gyytqojrhege,2000
266,guztoojrgige,2000
267,givemeeoscam,2000
268,eospeterpa12,2000
269,haydiobwhege,2000
270,guztsobxgmge,2000
271,dongjuneoskr,2000
272,gu4tmmbygmge,2000
273,gyzdmmzygege,2000
274,matazzang423,2000
275,gu2domjsguge,2000
276,gyytmnjvhage,2000
277,ikosjistudio,2000
278,q1q1q1q1q1q1,2000
279,nilgo413nave,2000
280,gu4tamrvg4ge,2000
281,saintwinnie1,2000
282,ha3tkobrhege,2000
283,plus22dental,2000
284,gyytknbzgyge,2000
285,guztcmrsguge,2000
286,gm3danzrgmge,2000
287,gu2tmnbugyge,2000
288,gu3doobzgqge,2000
289,gu3domruguge,2000
290,parkyongshin,2000
291,ha4tinrsgage,2000
292,gyztsnbyg4ge,2000
293,easytoeosshk,2000
294,doyouknowpsy,2000
295,easytoeosman,2000
296,g43dombygage,2000
297,gyzdmnzuhage,2000
298,kimkidongout,2000
299,eostobigbang,2000
300,gomecygomecy,2000
301,gu3dmmzwguge,2000
302,gy2doojxgqge,2000
303,gu2dinjygmge,2000
304,eos121dacsky,2000
305,gy2tqnrthage,2000
306,huntsyoon123,2000
307,heydenbrhage,2000
308,romankiboeos,2000
309,gu3dqnjzgege,2000
310,gu4dmmrqguge,2000
311,gu3tcnzvguge,2000
312,gu3tamrxgage,2000
313,gu2timrugmge,2000
314,sasakisasaki,2000
315,emilyscatter,2000
316,gu2dmnrshege,2000
317,gu3dqnjygige,2000
318,cryptoracing,2000
319,g43tqnzrgege,2000
320,stairinhaven,2000
321,g43timrzgege,2000
322,clandjwallet,2000
323,makeoshmifty,2000
324,g44donbugmge,2000
325,g43tknbugege,2000
326,g43tmnrygage,2000
327,g44tombxhege,2000
328,g44daojzg4ge,2000
329,ha3tsnrqg4ge,2000
330,gyzdsmbvgmge,2000
331,gmztcnzsgege,2000
332,sendeos2mike,2000
333,ilovejaneyou,2000
334,numannagihan,2000
335,gyztcnbvg4ge,2000
336,gmyteojxgmge,2000
337,drmahmudepmd,2000
338,gu2dmmzwgege,2000
339,gezdgojvgene,2000
340,guztqojugyge,2000
341,gu4tiobzgige,2000
342,gu4dgmbwgege,2000
343,ablecomm2125,2000
344,eosramazotti,2000
345,myeosvillage,2000
346,gu3dkmrsgqge,2000
347,gyztcobugige,2000
348,ha3temrrgige,2000
349,ha4domjugene,2000
350,eosdreamtown,2000
351,guztsmbzgyge,2000
352,wini2xwini2x,2000
353,hyeonsik2135,2000
354,kimhyoungkuk,2000
355,jm1hy2su3hs4,2000
356,gyydgojyguge,2000
357,cryptopiano3,2000
358,haydembyhage,2000
359,guzdkmrzgege,2000
360,gu3tanzvgmge,2000
361,eostothesky3,2000
362,g43dqnjyg4ge,2000
363,guzdmmrugege,2000
364,gu3dmmzygmge,2000
365,kang2222eos5,2000
366,dakujellydev,2000
367,ha4tcnrygqge,2000
368,gregoryhouse,2000
369,eoslohamave1,2000
370,gu3dimrthage,2000
371,sonwoosangkr,2000
372,gu3dqmbvgmge,2000
373,eosbestnoder,2000
374,gyyteojzgyge,2000
375,haydqnjwhage,2000
376,gu4tgnrwguge,2000
377,gyytgmzxgige,2000
378,gu4dsmztg4ge,2000
379,ge4dcnjxhege,2000
380,iceamericano,2000
381,gu3tanjuhege,2000
382,gy2tqmzxgege,2000
383,haztcnbqgqge,2000
384,huamanduinde,2000
385,g4ytmnzsgige,2000
386,haydcmrwgyge,2000
387,theguestsera,2000
388,gyztsobqgyge,2000
389,gyydsojzgyge,2000
390,wonchul33eos,2000
391,wonchul22eos,2000
392,gmztmnjrhege,2000
393,g43tenzqhege,2000
394,gu2tgobvgyge,2000
395,gy3tsmqgenes,2000
396,g44tqmryguge,2000
397,gu2dknbqgage,2000
398,gyzdkmzvhage,2000
399,gu3tgmryhege,2000
400,gu2damrugige,2000
401,innohyun1eos,2000
402,g43dcnbygqge,2000
403,heydenjugmge,2000
404,innohyun2eos,2000
405,gu4tombzgige,2000
406,g43tcnbugqge,2000
407,rhdwnsqo1eos,2000
408,14t33c1geosd,2000
409,gu2tqojthege,2000
410,champanhielo,2000
411,gu3tcnjvgqge,2000
412,dubudubudubu,2000
413,yongyong1313,2000
414,gu3tkojzgmge,2000
415,eosmarketone,2000
416,silverknight,2000
417,knightofgold,2000
418,gq4tanbtgige,2000
419,eosgoodleeup,2000
420,pleasegiveme,2000
421,mynamesleeup,2000
422,gu2dmmjzg4ge,2000
423,gu4tqmrthage,2000
424,gyytknbtgmge,2000
425,gu4tcmbqguge,2000
426,g44temjxgage,2000
427,gy2dcnztgege,2000
428,hazdknjrgage,2000
429,kyeongbinhun,2000
430,huamandubear,2000
431,haydknrwgege,2000
432,haytqmjzgmge,2000
433,heztcmjwguge,2000
434,superpaladog,2000
435,superstarkru,2000
436,guztqmbtgige,2000
437,gyzdqmbxhege,2000
438,eostonywoong,2000
439,ha2dinrxguge,2000
440,gu2tqnzrgyge,2000
441,creamertest1,2000
442,gu3dimzrgege,2000
443,eostonycafe1,2000
444,heytsnrxgege,2000
445,eostonygreen,2000
446,ge4tgmruguge,2000
447,gu2domjwgage,2000
448,gu2tonztgqge,2000
449,gyzdoojrg4ge,2000
450,myjiraebigol,2000
451,laivlalaivla,2000
452,gu4timzug4ge,2000
453,gyzdmnrwhege,2000
454,clrkgriswald,2000
455,gu2donbtgyge,2000
456,guytknzvhege,2000
457,gyztsobxg4ge,2000
458,gu3denztgmge,2000
459,gm3dcojqgage,2000
460,gm2tinzxgage,2000
461,qkdlendldirl,2000
462,eosnewslifes,2000
463,gq4dcmzsguge,2000
464,mynameisbond,2000
465,hazdemjwguge,2000
466,guydgmjqhage,2000
467,hojunihojuni,2000
468,gy2dgmjtgige,2000
469,budilovskiym,2000
470,ge3tgmbxgyge,2000
471,hazdqobygqge,2000
472,mycaptaineos,2000
473,ilvspiderman,2000
474,gu3dkmrugige,2000
475,heroeosheroe,2000
476,eddiescatter,2000
477,tarekadam111,2000
478,eunsikyoonjx,2000
479,guzdcnztgige,2000
480,guztoobrgege,2000
481,pastelcolors,2000
482,gu4tambygige,2000
483,gy2tsmbtgmge,2000
484,g44dmmrxhege,2000
485,pyramidghost,2000
486,gyydkojugege,2000
487,viewhyoyoun1,2000
488,oceanfan1234,2000
489,dleowjdakeka,2000
490,guztemzzgyge,2000
491,eosminkyucho,2000
492,g44denjzgqge,2000
493,gm3dinbugyge,2000
494,snakebones34,2000
495,gyzdmobtgige,2000
496,gapboo33rich,2000
497,g43tanrrgqge,2000
498,gu3dknzzg4ge,2000
499,geydsnzzgene,2000
500,gu4tanbwhage,2000
501,guztambthege,2000
502,gy3domygenes,2000
503,eoswalleejun,2000
504,haytsojsgige,2000
505,geytkmjygyge,2000
506,scatterrrrrr,2000
507,minkimeosdaq,2000
508,superman1eos,2000
509,haytemrrgmge,2000
510,g43tinjzgqge,2000
511,nagihannihan,2000
512,gyzdkmzxguge,2000
513,ssssssssss12,2000
514,gu4tgnrvg4ge,2000
515,eosyoonsik12,2000
516,geydkojwgene,2000
517,gu3dsmbwgage,2000
518,gyytknjqgige,2000
519,gu2tanbwhage,2000
520,howisitgoing,2000
521,gyydqmzwguge,2000
522,g44dcnrrhege,2000
523,eosdacwithme,2000
524,koreoscounty,2000
525,gu2dcnjsgqge,2000
526,guytqnjsgmge,2000
527,helloeos4321,2000
528,gu3tcmbzg4ge,2000
529,heegunkangvv,2000
530,apple2banana,2000
531,gy2dkmjzgyge,2000
532,gift4ourlife,2000
533,gu4dgnjzgyge,2000
534,gy2diobwgage,2000
535,gm2tsnjugyge,2000
536,aramswallet1,2000
537,gu4tiojqg4ge,2000
538,g44dqnjygmge,2000
539,qwerasdf1234,2000
540,coinaccount1,2000
541,haydcnrvgage,2000
542,gyytmmzuhage,2000
543,cryptopurse1,2000
544,gm3tinjxgene,2000
545,kyteoswallet,2000
546,g44denjvgege,2000
547,1myeoswallet,2000
548,gu2dkmjvgige,2000
549,g44dgnrrhege,2000
550,cryptohumans,2000
551,g44tmobvgage,2000
552,1ox1ox1ox1ox,2000
553,gu3tkobrgege,2000
554,ge3dsmbwhege,2000
555,baruchjngold,2000
556,gu3dknjtgige,2000
557,heydcnrygage,2000
558,ha4dqnzsgmge,2000
559,invisionairy,2000
560,ha4dqmryg4ge,2000
561,haydgojzgqge,2000
562,g44tknrygmge,2000
563,gu3tambsgege,2000
564,geytomztg4ge,2000
565,guztgojug4ge,2000
566,gu3dinbxg4ge,2000
567,initialch123,2000
568,rachmaninoff,2000
569,gu3tanzyguge,2000
570,heydgmjrhage,2000
571,kimhakmi1111,2000
572,gu3dknbsgege,2000
573,g44tkobrgege,2000
574,gyzdknzqhage,2000
575,eddieyi4ever,2000
576,ha2tenbuhege,2000
577,g44dqojuhege,2000
578,ha2dsmrxgige,2000
579,gu3dsmryhage,2000
580,g44danrvhage,2000
581,sijunparkeos,2000
582,gu2dmmrwgage,2000
583,gu2dsmzqgage,2000
584,gu2tgobxgmge,2000
585,gqydcmzrgyge,2000
586,gq3daobrhege,2000
587,cryptdfwplay,2000
588,webframework,2000
589,hezdonztgmge,2000
590,cryptomantis,2000
591,ha3timzyhage,2000
592,ha2tmnzsgqge,2000
593,wlfowlfowlfo,2000
594,guztmmbwg4ge,2000
595,1cryptodawg1,2000
596,gm3tmmjrgyge,2000
597,gyztgnbqhege,2000
598,haztinzwgige,2000
599,g44tqmbqhage,2000
600,gu2tsnjwguge,2000
601,winterdayeos,2000
602,dltjdgh22222,2000
603,dltjdgh11111,2000
604,gm2diobtgmge,2000
605,gu4tamrzhege,2000
606,gyytsobygige,2000
607,superstarted,2000
608,superstarter,2000
609,ladyhawkhera,2000
610,ladyhawksoun,2000
611,starscorpion,2000
612,cryptowolfe1,2000
613,yyykkk132zzz,2000
614,1cr32e1geosd,2000
615,gy4tmmjshege,2000
616,guztknbugmge,2000
617,baohanming33,2000
618,ha4dknbwgqge,2000
619,gyzdqmbugyge,2000
620,sacredgspott,2000
621,gyzdmobyhage,2000
622,abcabcabc123,2000
623,eoswemadetop,2000
624,haydmnrsguge,2000
625,gyzdomjzhage,2000
626,gyztcobugage,2000
627,eosnaramanse,2000
628,firstpenguin,2000
629,gu3donzzgqge,2000
630,xornjini1234,2000
631,redmouseking,2000
632,elbowlickers,2000
633,gu3dqmzzhage,2000
634,pingpongwang,2000
635,gu2tcmryhage,2000
636,gyztsojqgyge,2000
637,aaaa1111bbbb,2000
638,eosgamekiheo,2000
639,kimyeonsoo22,2000
640,baristarules,2000
641,lottebinch11,2000
642,seoulglobal1,2000
643,gq3timzsgyge,2000
644,welcome11111,2000
645,macbookpro11,2000
646,yongsanipark,2000
647,crafthans111,2000
648,guztgmbwgage,2000
649,downtowner11,2000
650,startupseoul,2000
651,shinhanbank1,2000
652,dragoncity11,2000
653,popcorn11111,2000
654,appleairpot1,2000
655,terminal1111,2000
656,g44toojuhage,2000
657,applestore11,2000
658,pinsearumyui,2000
659,kakaotalk111,2000
660,gyztcmzvhage,2000
661,instagram111,2000
662,ha2diobrg4ge,2000
663,americano111,2000
664,kiwijuice111,2000
665,september111,2000
666,october11111,2000
667,november1111,2000
668,autumnisgood,2000
669,roastingcafe,2000
670,g43tkmbuhege,2000
671,spacegray111,2000
672,vsstudiocode,2000
673,androidstd11,2000
674,mackintosh11,2000
675,linkedlist11,2000
676,binarytree11,2000
677,javascript11,2000
678,kimyonguk123,2000
679,nodejs111111,2000
680,iamdenny1111,2000
681,screenshot11,2000
682,routing11111,2000
683,hashfuction1,2000
684,createkopasi,2000
685,eosiobalance,2000
686,touchid11111,2000
687,eosioenglish,2000
688,gezdmojwgene,2000
689,launchpad111,2000
690,wicot2me1234,2000
691,facetime1111,2000
692,texteditor11,2000
693,developer111,2000
694,hanabank1111,2000
695,giztsobxgege,2000
696,database1111,2000
697,g43tenbsgmge,2000
698,w5rbclucfe1u,2000
699,gu3tgnjwhege,2000
700,giydkmqgenes,2000
701,ironmanstark,2000
702,heydgmbuhege,2000
703,kimhakmilent,2000
704,kimhakmimobi,2000
705,nehf2ort4hjx,2000
706,gm3demzthege,2000
707,gi2dcnjzgene,2000
708,seorakeosnet,2000
709,eosbluehouse,2000
710,g44tgojugege,2000
711,g44timrygqge,2000
712,haydamrxgmge,2000
713,gu4taojxgqge,2000
714,gyztemrzgyge,2000
715,ge3dgmbzgige,2000
716,eossamsung22,2000
717,eosgoogle222,2000
718,seoulaccount,2000
719,gmzdmnrug4ge,2000
720,ha4dmnbzguge,2000
721,gu3dimzvgage,2000
722,inowherenowi,2000
723,gmytknjugyge,2000
724,gu4tknzsguge,2000
725,gqztmnbtgage,2000
726,g44tiobwhege,2000
727,gu4tombwgege,2000
728,gi2dimzsguge,2000
729,sim4jangsong,2000
730,samsungelect,2000
731,guydkmrsgige,2000
732,keosmodeyour,2000
733,hiltonhonors,2000
734,worldofhyatt,2000
735,greateospay1,2000
736,gqzdamjygqge,2000
737,gi3dgmzzgage,2000
738,rladnjsrms11,2000
739,twinbraideos,2000
740,mysteemit2id,2000
741,guzdonrsgage,2000
742,gu3tsnbrhege,2000
743,g44tgojtgqge,2000
744,gy2dmobsg4ge,2000
745,gu2dcojygage,2000
746,rladnjsrms12,2000
747,gu4tkmjuguge,2000
748,kakaowallets,2000
749,heytmmrzhege,2000
750,gu2tmmrsgige,2000
751,eospoolbetio,2000
752,gu3dqojrgqge,2000
753,g44dknrvhage,2000
754,goril5151511,2000
755,happyeostree,2000
756,happyeosbank,2000
757,eoshappybank,2000
758,happyeossafe,2000
759,haztcmzuguge,2000
760,androidlinux,2000
761,gm2dsmjyguge,2000
762,gyztmmrugage,2000
763,ge2tknrwguge,2000
764,khjin1234512,2000
765,gy3dsnqgenes,2000
766,gi3tamzzgige,2000
767,gy4dcmbtgqge,2000
768,g44tonbygmge,2000
769,g42damzzgene,2000
770,geytgobtguge,2000
771,gu4deobxgmge,2000
772,gu3dkmbrgige,2000
773,ha2taojtgqge,2000
774,happypublyto,2000
775,haydgmbtgqge,2000
776,gyytanjzgmge,2000
777,gm2tanzrhage,2000
778,gyydgmzugmge,2000
779,ha4tonzrgyge,2000
780,guytonztg4ge,2000
781,ha3dcnzwgige,2000
782,munseunghwan,2000
783,ha3dknjtgqge,2000
784,hazdkmzsguge,2000
785,gu3tknbwgmge,2000
786,googleseteos,2000
787,prettybeauty,2000
788,gu3dmmrugqge,2000
789,hazdaobxgqge,2000
790,itsmyeosname,2000
791,gyytknzuhage,2000
792,gu3tcmbyguge,2000
793,mindream1234,2000
794,softwaremall,2000
795,gu4dmnrqhege,2000
796,nonamedblock,2000
797,gu4tqmjthege,2000
798,haydgmbxgqge,2000
799,g44dknrwgmge,2000
800,guztsmjxgige,2000
801,gyytmnjrgmge,2000
802,ha4tiobygqge,2000
803,cryptolegacy,2000
804,somemightsay,2000
805,catzholic123,2000
806,eosustwallet,2000
807,cryptosokcho,2000
808,gq4dgnjzgage,2000
809,guytkmbygage,2000
810,ha2taobyhege,2000
811,g42tknzvhege,2000
812,dev4isulnara,2000
813,gu2dmmjtgege,2000
814,gyzdmojsg4ge,2000
815,sandaewallet,2000
816,coreoswallet,2000
817,seolamwallet,2000
818,eosbinwallet,2000
819,gu4dcojxgmge,2000
820,gyytknrqgege,2000
821,gu3tgojsgyge,2000
822,gm3dinjugyge,2000
823,gu4dcmrvguge,2000
824,gyztknztgege,2000
825,eosleejaesik,2000
826,twicetagrams,2000
827,iamatraveler,2000
828,googlegoogol,2000
829,googolgoogle,2000
830,najinelectro,2000
831,twice2sarang,2000
832,improgambler,2000
833,handsomeguys,2000
834,gu4donbqguge,2000
835,gu4donbvg4ge,2000
836,gu4donbxgige,2000
837,gy3dimrvgige,2000
838,gu4donbygyge,2000
839,gu4donjrgmge,2000
840,gu4donjsgage,2000
841,gu4donjtgage,2000
842,gu4donjshege,2000
843,gu4donjvgmge,2000
844,gu4donjwhage,2000
845,gu4donrwgage,2000
846,gu4donrwguge,2000
847,gu4donrzgmge,2000
848,gu4donryhage,2000
849,gu4donryguge,2000
850,gu4donrzgage,2000
851,gu4donrzgige,2000
852,gu4donrygyge,2000
853,gu4donryg4ge,2000
854,gu4dsmrsgyge,2000
855,gu4dsmrshege,2000
856,gu4dsmrtgage,2000
857,gu4dsmrtgege,2000
858,gu4dsmrtgige,2000
859,gu4dsmrtgyge,2000
860,gu4dsmrugqge,2000
861,gu4dsmruguge,2000
862,gu4dsmrvgyge,2000
863,gu4dsmrvg4ge,2000
864,gu4dsmrwgige,2000
865,gu4dsmrwgmge,2000
866,gu4dsmrwgyge,2000
867,gu4dsmrwgqge,2000
868,gu4dsmrwhege,2000
869,gu4dsmrxgage,2000
870,gu4dsmrxgege,2000
871,gu4dsmrxhege,2000
872,gu4dsmryg4ge,2000
873,gu4dsmrygyge,2000
874,gu4dsmrzgyge,2000
875,gu4dsmzqgage,2000
876,gu4dsmzqgmge,2000
877,gu4dsmzqg4ge,2000
878,gu4dsmzqguge,2000
879,gu4dsmzqgyge,2000
880,gu4dsmzrgige,2000
881,gu4dsmzrgege,2000
882,gu4dsmzrgyge,2000
883,gu4dsmzrguge,2000
884,gyydonjtgage,2000
885,gyydonjthage,2000
886,gyydonjvgage,2000
887,gyydonjvguge,2000
888,gyydonjvgege,2000
889,gyydonjvhage,2000
890,gyydonjwgage,2000
891,gyydonjwgige,2000
892,gyydonjvhege,2000
893,gyydonjwgmge,2000
894,gyydoobygige,2000
895,gyydonjyhege,2000
896,gyydonjzgige,2000
897,gyydonjzgmge,2000
898,gyydonjzgege,2000
899,gyydonrqgmge,2000
900,gyydonrqgige,2000
901,gyydonrrgige,2000
902,gyydonrrgqge,2000
903,gyydonrrhage,2000
904,gyydonrtgage,2000
905,gyydonrshege,2000
906,gyydonruguge,2000
907,gyydonrvgage,2000
908,gyydonrwguge,2000
909,gyydonrxg4ge,2000
910,gyydonrxhage,2000
911,gyydonrygqge,2000
912,gyydonryguge,2000
913,gyydonrygyge,2000
914,gyydonryhege,2000
915,gyydonrzgege,2000
916,gyydonrzgige,2000
917,gyydonztg4ge,2000
918,gyydonzvgmge,2000
919,gyydonzvgage,2000
920,gyydonzuhege,2000
921,gyydonztgyge,2000
922,gyydonzzgege,2000
923,gyydonzzgage,2000
924,gyydonzyhege,2000
925,gyydonzyhage,2000
926,gyydonzzgmge,2000
927,gyydoobzhage,2000
928,gyydonzzguge,2000
929,gyydonzzgqge,2000
930,gyydoobqgage,2000
931,gyydonzzhege,2000
932,gyydonzzg4ge,2000
933,gyydoobsgmge,2000
934,gu4donryhege,2000
935,wipicontract,2000
936,gm4teojvhege,2000
937,eostonyblock,2000
938,eostonyseoul,2000
939,eostonyriver,2000
940,gu3dmmzygyge,2000
941,gu4temzwhage,2000
942,gyytimjvgige,2000
943,gu3dqnrqgage,2000
944,haydinjshage,2000
945,haytimzqgige,2000
946,gu3dcmbwgage,2000
947,hazdgnbvgage,2000
948,eaxdepositbm,2000
949,gofaxdeposit,2000
950,poloneixeos1,2000
951,okvtothemoon,2000
952,bitpinexdep1,2000
953,bitfimexdep1,2000
954,zbeoschange1,2000
955,gu3dqmjrg4ge,2000
956,binencecleos,2000
957,g44dgobugege,2000
958,ha2dgnrwgige,2000
959,byungholee55,2000
960,mrsunshineds,2000
961,blogyourlife,2000
962,gu3donzygmge,2000
963,agj3navercom,2000
964,guydemygenes,2000
965,freshhacker1,2000
966,thevmmachina,2000
967,gu2damjshage,2000
968,gu3dmojvhege,2000
969,gm4tenjqhage,2000
970,guytqobzgege,2000
971,carigurdvnkj,2000
972,gu3dmnjzg4ge,2000
973,gy2tinzug4ge,2000
974,g44dcnrug4ge,2000
975,g43domrwhage,2000
976,heydmmjuguge,2000
977,gu2tknbwg4ge,2000
978,gu4tcobugege,2000
979,bigbangspace,2000
980,stephenbahng,2000
981,hazdembxgage,2000
982,guydanrshege,2000
983,bigibigibigi,2000
984,haztgmrqhage,2000
985,g44tcmjrg4ge,2000
986,g43dqmzsgmge,2000
987,eosvillagers,2000
988,gyydqmzyhage,2000
989,gu4domjzhage,2000
990,g43tknztgene,2000
991,gu3tanrtgqge,2000
992,cryptonautic,2000
993,eostraveline,2000
994,chairking333,2000
995,gu4dinbrgyge,2000
996,appleiwallet,2000
997,kimwoohyun12,2000
998,haydonjyguge,2000
999,gu3dmnjuhege,2000
1000,gu3dkmzvgqge,2000
1001,erimasimadia,2000
1002,gi4tanrsgmge,2000
1003,gm4timzwgmge,2000
1004,gy3tmnrrgyge,2000
1005,eosbikeshare,2000
1006,eostraintour,2000
1007,guztcobygage,2000
1008,g4ytsmjqgqge,2000
1009,sofaraway123,2000
1010,g43tqmrzhage,2000
1011,geydenjtgene,2000
1012,111harmony11,2000
1013,jalnagalnoh2,2000
1014,slkkresnik11,2000
1015,gy2dcmzqgige,2000
1016,hazdamzygqge,2000
1017,guzdqnbugige,2000
1018,gu4dembtg4ge,2000
1019,g4zdknjugmge,2000
1020,yangdori1234,2000
1021,yangjeeho123,2000
1022,haytmmbxgege,2000
1023,gqydsnjyguge,2000
1024,gqzdemrrhege,2000
1025,gu4dkojygage,2000
1026,ha4dcnjzg4ge,2000
1027,iloveedna555,2000
1028,haytkmbwg4ge,2000
1029,gu2tonzygege,2000
1030,geztcmjxgyge,2000
1031,andreweosatl,2000
1032,giytaobuhege,2000
1033,janaschiffer,2000
1034,eossktelecom,2000
1035,eosteemgazua,2000
1036,hapyberysboy,2000
1037,steemeos5555,2000
1038,steemeos4444,2000
1039,eosgametowns,2000
1040,eosamsungcom,2000
1041,hilton1eosio,2000
1042,g44dimrtg4ge,2000
1043,gy3dmojqgege,2000
1044,gy3tamjthege,2000
1045,g4ztimzzg4ge,2000
1046,gu3dknruhage,2000
1047,ha2tomruhage,2000
1048,gy2tenjwg4ge,2000
1049,dayvallyonni,2000
1050,ge4tonzxgege,2000
1051,kjkeoswallet,2000
1052,eosiomaster1,2000
1053,ha4damigenes,2000
1054,gwanggyoeos1,2000
1055,hilton3eosio,2000
1056,gyytkmbzhage,2000
1057,gyytknjqhage,2000
1058,chaossaki111,2000
1059,hilton2eosio,2000
1060,cryptomagnet,2000
1061,stellarmir11,2000
1062,eosramaholic,2000
1063,gu4tgnbrgyge,2000
1064,guytqojthage,2000
1065,kyeongbineos,2000
1066,eoshousehold,2000
1067,gu4dcnbvgqge,2000
1068,godsavequeen,2000
1069,lxxiaoxiannv,2000
1070,hazdgnztgmge,2000
1071,hiltonconrad,2000
1072,gu2tamrygyge,2000
1073,abmanofsteel,2000
1074,haytcmjrgige,2000
1075,gyzdmnztguge,2000
1076,gu2dgmrtgqge,2000
1077,walletseolam,2000
1078,walletcoreos,2000
1079,eosfootbolls,2000
1080,gu3dqojzgyge,2000
1081,gizdoojzgege,2000
1082,gu3dmobqhege,2000
1083,gu4tembsgige,2000
1084,ge3tgnjxgige,2000
1085,enrh2swmyfam,2000
1086,eosenglishio,2000
1087,cnnnewseosio,2000
1088,bineosbineos,2000
1089,bbcnewseosio,2000
1090,hazdgmrxg4ge,2000
1091,hazdcmjygqge,2000
1092,g4ydeojshage,2000
1093,guztknbuhage,2000
1094,111chaka1111,2000
1095,g4ytgmbygyge,2000
1096,gyztimrzhege,2000
1097,gu2dmnjwhage,2000
1098,ha2dqnbxguge,2000
1099,haydembvgege,2000
1100,zhouminxiong,2000
1101,gu2tmnryg4ge,2000
1102,hezdinbwgqge,2000
1103,g4ydeobygene,2000
1104,gu3tgojrgqge,2000
1105,dogeeeeeeeee,2000
1106,cryptorambuy,2000
1107,nmyuokwsas21,2000
1108,aserokwsyh23,2000
